# domain	key (@ means version-aware Control Center module)	type	default
# type: bool | int | boolint (stored as an integer, only ever 0 or 1)
NSGlobalDomain	AppleShowAllExtensions	bool	0
NSGlobalDomain	KeyRepeat	int	2
NSGlobalDomain	InitialKeyRepeat	int	15
NSGlobalDomain	AppleKeyboardUIMode	int	3
com.apple.finder	AppleShowAllFiles	bool	1
com.apple.finder	ShowPathbar	bool	1
com.apple.dock	autohide	bool	0
com.apple.dock	show-recents	bool	0
com.apple.screensaver	askForPassword	boolint	1
com.apple.screensaver	askForPasswordDelay	int	0
com.apple.desktopservices	DSDontWriteNetworkStores	bool	1
com.apple.SoftwareUpdate	AutomaticCheckEnabled	bool	1
com.apple.AppleMultitouchMouse	MouseTwoFingerHorizSwipeGesture	boolint	1
com.apple.universalaccess	closeViewHotkeysEnabled	bool	1
NSGlobalDomain	AppleInterfaceStyleSwitchesAutomatically	bool	1
com.apple.controlcenter	BatteryShowPercentage	bool	0
com.apple.dock	wvous-tl-corner	int	1
com.apple.dock	wvous-tl-modifier	int	0
com.apple.dock	wvous-tr-corner	int	1
com.apple.dock	wvous-tr-modifier	int	0
com.apple.dock	wvous-bl-corner	int	2
com.apple.dock	wvous-bl-modifier	int	0
com.apple.dock	wvous-br-corner	int	1
com.apple.dock	wvous-br-modifier	int	0
com.apple.controlcenter	@Bluetooth	bool	1
com.apple.controlcenter	@Clock	bool	1
com.apple.controlcenter	@FocusModes	bool	1
com.apple.controlcenter	@Sound	bool	1
com.apple.controlcenter	@WiFi	bool	1
